{
  "benchmark": "n_scaling",
  "params": {
    "K": 100.0,
    "alpha": 1.5207963267948965,
    "A": 0.995,
    "dt": 0.05,
    "r_over_n": 0.35
  },
  "configurations": [
    {
      "N": 128,
      "k": 88,
      "n_steps": 8000,
      "bc_mean": 0.4948256015777588,
      "bc_values": [
        0.48375385999679565,
        0.5058973431587219
      ],
      "si_mean": 0.7831140458583832,
      "chimera_detected": false,
      "wall_time_last_seed_s": 5.987361599924043
    },
    {
      "N": 256,
      "k": 178,
      "n_steps": 6000,
      "bc_mean": 0.5846694707870483,
      "bc_values": [
        0.5716613531112671,
        0.5976775884628296
      ],
      "si_mean": 0.7466484904289246,
      "chimera_detected": true,
      "wall_time_last_seed_s": 4.41514489997644
    },
    {
      "N": 512,
      "k": 358,
      "n_steps": 4000,
      "bc_mean": 0.6146821975708008,
      "bc_values": [
        0.6495242714881897,
        0.5798401236534119
      ],
      "si_mean": 0.7372557520866394,
      "chimera_detected": true,
      "wall_time_last_seed_s": 2.9308460999745876
    }
  ]
}