{
  "benchmark": "cross_frequency_coupling_profile",
  "description": "Phase-amplitude coupling between low-freq (delta+theta) and high-freq (gamma) bands in PhaseTracker. High PAC \u2192 binding-by-synchrony signature.",
  "results": {
    "n_frames": 40,
    "n_objects": 4,
    "n_delta": 4,
    "n_theta": 8,
    "n_gamma": 16,
    "mean_pac": 0.046538800746202466,
    "pac_per_step": [
      0.045305389910936356,
      0.04488575458526611,
      0.04483364522457123,
      0.04568218067288399,
      0.041388269513845444,
      0.04597356915473938,
      0.0447179414331913,
      0.04533279314637184,
      0.0360584519803524,
      0.04668022319674492,
      0.044402893632650375,
      0.04494788125157356,
      0.049326930195093155,
      0.04008081182837486,
      0.03362839296460152,
      0.05107485130429268,
      0.050733987241983414,
      0.04702760651707649,
      0.06046447157859802,
      0.06212754175066948,
      0.06297479569911957,
      0.03391406312584877,
      0.025273794308304787,
      0.05283863842487335,
      0.04327946901321411,
      0.05603844299912453,
      0.042288828641176224,
      0.03709271177649498,
      0.08871648460626602,
      0.06572804600000381,
      0.010452202521264553,
      0.05205957591533661,
      0.07770534604787827,
      0.014484134502708912,
      0.07110368460416794,
      0.0010528266429901123,
      0.05720328167080879,
      0.05927647277712822,
      0.06087230145931244,
      0.02452334202826023
    ],
    "identity_preservation": 0.3782051282051282
  }
}