{
  "benchmark": "cosine_vs_uniform",
  "params": {
    "N": 256,
    "k": 90,
    "K": 100.0,
    "alpha": 1.5207963267948965,
    "dt": 0.05,
    "n_steps": 6000
  },
  "comparisons": [
    {
      "kernel": "uniform",
      "bc_mean": 0.608047604560852,
      "bc_values": [
        0.6762267351150513,
        0.5708155035972595,
        0.5771005749702454
      ],
      "si_mean": 0.7962077458699545,
      "chi_mean": 0.4114583333333333,
      "eta_values": [
        10,
        7,
        10
      ],
      "chimera_detected": true
    },
    {
      "kernel": "cosine_0.9",
      "bc_mean": 0.5767507354418436,
      "bc_values": [
        0.6539751291275024,
        0.5481377840042114,
        0.5281392931938171
      ],
      "si_mean": 0.7796642978986105,
      "chi_mean": 0.5572916666666666,
      "eta_values": [
        8,
        6,
        12
      ],
      "chimera_detected": true
    },
    {
      "kernel": "cosine_0.995",
      "bc_mean": 0.5790330171585083,
      "bc_values": [
        0.6537409424781799,
        0.4493958353996277,
        0.6339622735977173
      ],
      "si_mean": 0.7871548732121786,
      "chi_mean": 0.6705729166666666,
      "eta_values": [
        9,
        11,
        7
      ],
      "chimera_detected": true
    }
  ]
}