{
  "benchmark": "ablation_extended",
  "n_seeds": 5,
  "n_epochs": 50,
  "variants": [
    {
      "variant": "full",
      "n_params": 131692,
      "n_seeds": 5,
      "n_epochs": 50,
      "acc_mean": 0.209375,
      "acc_ci_lower": 0.1875,
      "acc_ci_upper": 0.23125,
      "acc_se": 0.011401543823645112,
      "loss_mean": 2.21824197769165,
      "loss_ci_lower": 2.1236644744873048,
      "loss_ci_upper": 2.351426696777344,
      "per_seed": [
        {
          "seed": 0,
          "final_accuracy": 0.234375,
          "final_loss": 2.0945522785186768,
          "learning_curve_acc": [
            0.265625,
            0.28125,
            0.21875,
            0.21875,
            0.1875,
            0.21875,
            0.25,
            0.203125,
            0.25,
            0.203125
          ],
          "learning_curve_loss": [
            1.6031779050827026,
            1.5991190671920776,
            1.6185234785079956,
            1.6782684326171875,
            1.7714561223983765,
            1.8489106893539429,
            1.9077754020690918,
            1.9794539213180542,
            2.0089237689971924,
            2.051351308822632
          ],
          "convergence_epoch": 5
        },
        {
          "seed": 1,
          "final_accuracy": 0.234375,
          "final_loss": 2.1374974250793457,
          "learning_curve_acc": [
            0.1875,
            0.265625,
            0.234375,
            0.25,
            0.234375,
            0.28125,
            0.265625,
            0.25,
            0.234375,
            0.203125
          ],
          "learning_curve_loss": [
            1.5973306894302368,
            1.6027835607528687,
            1.6258076429367065,
            1.6456071138381958,
            1.6682599782943726,
            1.6767746210098267,
            1.702061653137207,
            1.7750258445739746,
            1.89238440990448,
            1.9787185192108154
          ],
          "convergence_epoch": 5
        },
        {
          "seed": 2,
          "final_accuracy": 0.21875,
          "final_loss": 2.1542229652404785,
          "learning_curve_acc": [
            0.21875,
            0.25,
            0.265625,
            0.28125,
            0.28125,
            0.234375,
            0.21875,
            0.234375,
            0.28125,
            0.25
          ],
          "learning_curve_loss": [
            1.600148320198059,
            1.5919097661972046,
            1.6106319427490234,
            1.631971836090088,
            1.675581932067871,
            1.7426117658615112,
            1.7986992597579956,
            1.853637933731079,
            1.9526386260986328,
            2.046266794204712
          ],
          "convergence_epoch": 5
        },
        {
          "seed": 3,
          "final_accuracy": 0.1875,
          "final_loss": 2.2261152267456055,
          "learning_curve_acc": [
            0.21875,
            0.25,
            0.1875,
            0.234375,
            0.203125,
            0.203125,
            0.1875,
            0.203125,
            0.21875,
            0.203125
          ],
          "learning_curve_loss": [
            1.6103893518447876,
            1.6230571269989014,
            1.684952735900879,
            1.743522047996521,
            1.8004783391952515,
            1.8590105772018433,
            1.9244860410690308,
            1.986354947090149,
            2.0803122520446777,
            2.1582698822021484
          ],
          "convergence_epoch": 5
        },
        {
          "seed": 4,
          "final_accuracy": 0.171875,
          "final_loss": 2.4788219928741455,
          "learning_curve_acc": [
            0.1875,
            0.140625,
            0.140625,
            0.1875,
            0.203125,
            0.234375,
            0.21875,
            0.21875,
            0.25,
            0.234375
          ],
          "learning_curve_loss": [
            1.6509889364242554,
            1.663727879524231,
            1.7521809339523315,
            1.8576383590698242,
            1.9002680778503418,
            1.941853404045105,
            2.0156989097595215,
            2.1012160778045654,
            2.2206919193267822,
            2.3554413318634033
          ],
          "convergence_epoch": 5
        }
      ]
    },
    {
      "variant": "attention_only",
      "n_params": 118485,
      "n_seeds": 5,
      "n_epochs": 50,
      "acc_mean": 0.19375,
      "acc_ci_lower": 0.14375,
      "acc_ci_upper": 0.24375,
      "acc_se": 0.024318704122852513,
      "loss_mean": 2.231345367431641,
      "loss_ci_lower": 2.1250279426574705,
      "loss_ci_upper": 2.385292720794678,
      "per_seed": [
        {
          "seed": 0,
          "final_accuracy": 0.203125,
          "final_loss": 2.207472324371338,
          "learning_curve_acc": [
            0.1875,
            0.28125,
            0.25,
            0.25,
            0.28125,
            0.265625,
            0.265625,
            0.25,
            0.21875,
            0.203125
          ],
          "learning_curve_loss": [
            1.6199359893798828,
            1.6072415113449097,
            1.618196964263916,
            1.6365923881530762,
            1.681464672088623,
            1.7318406105041504,
            1.7706353664398193,
            1.8307783603668213,
            1.9553241729736328,
            2.0811896324157715
          ],
          "convergence_epoch": 5
        },
        {
          "seed": 1,
          "final_accuracy": 0.28125,
          "final_loss": 2.0816032886505127,
          "learning_curve_acc": [
            0.28125,
            0.203125,
            0.234375,
            0.25,
            0.28125,
            0.265625,
            0.234375,
            0.203125,
            0.21875,
            0.265625
          ],
          "learning_curve_loss": [
            1.610214352607727,
            1.584446668624878,
            1.5943586826324463,
            1.6170872449874878,
            1.6508793830871582,
            1.7271422147750854,
            1.804274320602417,
            1.8460551500320435,
            1.909644603729248,
            2.018319845199585
          ],
          "convergence_epoch": 5
        },
        {
          "seed": 2,
          "final_accuracy": 0.1875,
          "final_loss": 2.127230405807495,
          "learning_curve_acc": [
            0.234375,
            0.203125,
            0.1875,
            0.203125,
            0.203125,
            0.171875,
            0.171875,
            0.1875,
            0.203125,
            0.234375
          ],
          "learning_curve_loss": [
            1.6096444129943848,
            1.616967797279358,
            1.6586687564849854,
            1.7058219909667969,
            1.7655878067016602,
            1.8482565879821777,
            1.9270448684692383,
            1.969351053237915,
            1.9919978380203247,
            2.030458450317383
          ],
          "convergence_epoch": 5
        },
        {
          "seed": 3,
          "final_accuracy": 0.109375,
          "final_loss": 2.5305869579315186,
          "learning_curve_acc": [
            0.140625,
            0.171875,
            0.140625,
            0.140625,
            0.140625,
            0.15625,
            0.140625,
            0.140625,
            0.140625,
            0.15625
          ],
          "learning_curve_loss": [
            1.6455302238464355,
            1.666401743888855,
            1.73423433303833,
            1.7893325090408325,
            1.8530155420303345,
            1.9402763843536377,
            2.013777017593384,
            2.0659918785095215,
            2.176731824874878,
            2.3545210361480713
          ],
          "convergence_epoch": 50
        },
        {
          "seed": 4,
          "final_accuracy": 0.1875,
          "final_loss": 2.209833860397339,