{
  "benchmark": "ablation_convergence",
  "variants": [
    {
      "variant": "full",
      "n_epochs": 80,
      "convergence_epoch": 5,
      "final_train_loss": 0.06131182983517647,
      "final_test_loss": 3.0860300064086914,
      "final_test_acc": 0.203125,
      "train_loss_curve": [
        1.6308846473693848,
        1.5324993133544922,
        1.4177186489105225,
        1.2931867837905884,
        1.1913655996322632,
        1.0886560678482056,
        0.9962434768676758,
        0.8609936237335205,
        0.7344107031822205,
        0.6182389855384827,
        0.45915359258651733,
        0.3441552221775055,
        0.25054895877838135,
        0.15888097882270813,
        0.11064227670431137,
        0.08302149921655655
      ],
      "test_loss_curve": [
        1.6031779050827026,
        1.5991190671920776,
        1.6185234785079956,
        1.6782684326171875,
        1.7714561223983765,
        1.8489106893539429,
        1.9077754020690918,
        1.9794539213180542,
        2.0089237689971924,
        2.051351308822632,
        2.0892622470855713,
        2.2109076976776123,
        2.369048595428467,
        2.521655797958374,
        2.677687168121338,
        2.9526174068450928
      ],
      "test_acc_curve": [
        0.265625,
        0.28125,
        0.21875,
        0.21875,
        0.1875,
        0.21875,
        0.25,
        0.203125,
        0.25,
        0.203125,
        0.234375,
        0.1875,
        0.21875,
        0.21875,
        0.1875,
        0.21875
      ],
      "grad_norm_curve": [
        0.38607854869169383,
        0.30538231573122043,
        0.41402715459287387,
        0.4362224360312567,
        0.45841611793047515,
        0.4928275919922965,
        0.49132314463848387,
        0.4988899389250383,
        0.5055452302354455,
        0.6440998300424132,
        0.5198360097796839,
        0.5041242296590431,
        0.6509478736816072,
        0.4757741716345178,
        0.4192098717045337,
        0.3403546515421146
      ],
      "grad_norm_final": 0.24133357583515422
    },
    {
      "variant": "attention_only",
      "n_epochs": 80,
      "convergence_epoch": 5,
      "final_train_loss": 0.028541680425405502,
      "final_test_loss": 3.177478313446045,
      "final_test_acc": 0.140625,
      "train_loss_curve": [
        1.6189597845077515,
        1.515693187713623,
        1.3660533428192139,
        1.2335848808288574,
        1.1284801959991455,
        1.005993127822876,
        0.8599219918251038,
        0.7150254845619202,
        0.5377121567726135,
        0.3825575113296509,
        0.2389264553785324,
        0.14410051703453064,
        0.08715173602104187,
        0.06200164556503296,
        0.03970301151275635,
        0.03288866952061653
      ],
      "test_loss_curve": [
        1.6199359893798828,
        1.6072415113449097,
        1.618196964263916,
        1.6365923881530762,
        1.681464672088623,
        1.7318406105041504,
        1.7706353664398193,
        1.8307783603668213,
        1.9553241729736328,
        2.0811896324157715,
        2.2405307292938232,
        2.3583080768585205,
        2.5872604846954346,
        2.783033847808838,
        2.9526326656341553,
        3.101986885070801
      ],
      "test_acc_curve": [
        0.1875,
        0.28125,
        0.25,
        0.25,
        0.28125,
        0.265625,
        0.265625,
        0.25,
        0.21875,
        0.203125,
        0.203125,
        0.21875,
        0.15625,
        0.1875,
        0.21875,
        0.15625
      ],
      "grad_norm_curve": [
        0.4189445832744118,
        0.36999119323722657,
        0.4506093844890513,
        0.4854928984928776,
        0.48066525919934516,
        0.5216108615831191,
        0.5423519583544615,
        0.537916926464444,
        0.5455165693672509,
        0.5340048886628127,
        0.6785928814837647,
        0.510128363107103,
        0.3243655412931232,
        0.24403485911615552,
        0.14296387408618702,
        0.13399967467643437
      ],
      "grad_norm_final": 0.10923911359780301
    },
    {
      "variant": "oscillator_only",
      "n_epochs": 80,
      "convergence_epoch": 5,
      "final_train_loss": 0.037442341446876526,
      "final_test_loss": 2.8618648052215576,
      "final_test_acc": 0.171875,
      "train_loss_curve": [
        1.64053475856781,
        1.4766215085983276,
        1.3510215282440186,
        1.2598485946655273,
        1.1521108150482178,
        1.0523817539215088,
        0.9408465027809143,
        0.8315119743347168,
        0.7179762721061707,
        0.5474269390106201,
        0.41120144724845886,
        0.27597105503082275,
        0.17772139608860016,
        0.10404402762651443,
        0.07058864086866379,
        0.0481380932033062
      ],
      "test_loss_curve": [
        1.6593736410140991,
        1.659041166305542,
        1.6950494050979614,
        1.7128748893737793,
        1.7376502752304077,
        1.7883270978927612,
        1.829169511795044,
        1.8800617456436157,
        1.9374123811721802,
        2.030397653579712,
        2.0982666015625,
        2.1543891429901123,
        2.2867183685302734,
        2.4351439476013184,
        2.5929818153381348,
        2.7696616649627686
      ],
      "test_acc_curve": [
        0.125,
        0.125,
        0.171875,
        0.1875,
        0.234375,
        0.203125,
        0.171875,
        0.171875,
        0.15625,
        0.140625,
        0.140625,
        0.203125,
        0.203125,
        0.203125,
        0.203125,
        0.203125
      ],
      "grad_norm_curve": [
        0.6545689881028295,
        0.4562045678477072,
        0.43018365314688223,
        0.4352020905811062,
        0.45585130958806563,
        0.46486270300294075,
        0.4760102679929828,
        0.5425985749966851,
        0.5749804714842139,
        0.5329411028145283,
        0.6262833387051899,
        0.4940300102329404,
        0.4416324012464793,
        0.2932441344314471,
        0.2315781651308226,
        0.16652412410470518
      ],
      "grad_norm_final": 0.1273502415287727
    },
    {
      "variant": "shared_phase",
      "n_epochs": 80,
      "convergence_epoch": 5,
      "final_train_loss": 0.061470646411180496,
      "final_test_loss": 3.079179286956787,
      "final_test_acc": 0.21875,
      "train_loss_curve": [
        1.6308846473693848,
        1.5324742794036865,
        1.4177370071411133,
        1.293010950088501,
        1.1901209354400635,
        1.087172508239746,
        0.9939063787460327,
        0.8578214645385742,
        0.7312549352645874,
        0.6178513765335083,
        0.45999079942703247,
        0.3458365797996521,
        0.25301170349121094,
        0.1609232872724533,
        0.11108135432004929,
        0.0841362252831459
      ],
      "test_loss_curve": [
        1.6031781435012817,
        1.599066972732544,
        1.617965817451477,
        1.680747628211975,
        1.776982069015503,
        1.854994773864746,
        1.9127320051193237,
        1.9825330972671509,
        2.019657611846924,
        2.0730199813842773,
        2.112612009048462,
        2.195951223373413,
        2.4078195095062256,
        2.5083703994750977,
        2.693852186203003,
        2.950929641723633
      ],
      "test_acc_curve": [
        0.265625,
        0.28125,
        0.21875,
        0.21875,
        0.1875,
        0.21875,
        0.25,
        0.203125,
        0.21875,
        0.203125,
        0.21875,
        0.21875,
        0.203125,
        0.203125,
        0.1875,
        0.21875
      ],