{
  "benchmark": "wall_time",
  "timings": [
    {
      "mean_ms": 4.81421499280259,
      "std_ms": 0.5670798570980199,
      "min_ms": 4.124999977648258,
      "max_ms": 5.804999964311719,
      "variant": "full"
    },
    {
      "mean_ms": 2.230400004191324,
      "std_ms": 0.15419677179515423,
      "min_ms": 2.0172001095488667,
      "max_ms": 2.5327999610453844,
      "variant": "attention_only"
    },
    {
      "mean_ms": 3.7895250075962394,
      "std_ms": 0.4264329274840848,
      "min_ms": 3.081799950450659,
      "max_ms": 4.3946000514552,
      "variant": "oscillator_only"
    },
    {
      "mean_ms": 4.771380021702498,
      "std_ms": 0.5813399502037746,
      "min_ms": 3.818199969828129,
      "max_ms": 5.77970000449568,
      "variant": "shared_phase"
    }
  ]
}