{
  "benchmark": "phase2_exp2_5_noise_sweep",
  "description": "Fine-grained noise sweep with exponential decay fit",
  "sigmas": [
    0.0,
    0.05,
    0.1,
    0.15,
    0.2,
    0.3,
    0.4,
    0.5,
    0.6,
    0.7,
    0.8,
    0.9,
    1.0
  ],
  "n_seeds": 7,
  "sweep": [
    {
      "sigma": 0.0,
      "pt_stats": {
        "mean": 0.9986005830903789,
        "std": 0.0012659016122786501,
        "ci_low": 0.9977259475218659,
        "ci_high": 0.9994169096209912
      },
      "sa_stats": {
        "mean": 1.0,
        "std": 0.0,
        "ci_low": 1.0,
        "ci_high": 1.0
      },
      "welch_t": {
        "t_stat": -2.924800069328732,
        "p_value": 0.026465468299807806,
        "cohens_d": -1.5633713977486838,
        "mean_a": 0.9986005830903789,
        "mean_b": 1.0,
        "n_a": 7,
        "n_b": 7
      },
      "cliffs_delta": -0.8571428571428571,
      "pt_raw": [
        0.9977551020408162,
        0.9997959183673469,
        0.9965306122448979,
        0.9981632653061224,
        0.9983673469387755,
        1.0,
        0.9995918367346939
      ],
      "sa_raw": [
        1.0,
        1.0,
        1.0,
        1.0,
        1.0,
        1.0,
        1.0
      ]
    },
    {
      "sigma": 0.05,
      "pt_stats": {
        "mean": 0.9979883381924198,
        "std": 0.0010762191020336018,
        "ci_low": 0.9972594752186589,
        "ci_high": 0.9987172011661808
      },
      "sa_stats": {
        "mean": 1.0,
        "std": 0.0,
        "ci_low": 1.0,
        "ci_high": 1.0
      },
      "welch_t": {
        "t_stat": -4.945421294573543,
        "p_value": 0.002589806794114588,
        "cohens_d": -2.6434388739357497,
        "mean_a": 0.9979883381924198,
        "mean_b": 1.0,
        "n_a": 7,
        "n_b": 7
      },
      "cliffs_delta": -1.0,
      "pt_raw": [
        0.996734693877551,
        0.9987755102040816,
        0.996938775510204,
        0.9971428571428571,
        0.9979591836734694,
        0.9989795918367348,
        0.9993877551020407
      ],
      "sa_raw": [
        1.0,
        1.0,
        1.0,
        1.0,
        1.0,
        1.0,
        1.0
      ]
    },
    {
      "sigma": 0.1,
      "pt_stats": {
        "mean": 0.9966180758017492,
        "std": 0.0015669480379978432,
        "ci_low": 0.9955976676384839,
        "ci_high": 0.997667638483965
      },
      "sa_stats": {
        "mean": 1.0,
        "std": 0.0,
        "ci_low": 1.0,
        "ci_high": 1.0
      },
      "welch_t": {
        "t_stat": -5.710291703658521,
        "p_value": 0.0012484949855901734,
        "cohens_d": -3.0522793048039794,
        "mean_a": 0.9966180758017492,
        "mean_b": 1.0,
        "n_a": 7,
        "n_b": 7
      },
      "cliffs_delta": -1.0,
      "pt_raw": [
        0.9946938775510203,
        0.9977551020408164,
        0.9961224489795917,
        0.9948979591836734,
        0.996326530612245,
        0.9989795918367348,
        0.9975510204081631
      ],
      "sa_raw": [
        1.0,
        1.0,
        1.0,
        1.0,
        1.0,
        1.0,
        1.0
      ]
    },
    {
      "sigma": 0.15,
      "pt_stats": {
        "mean": 0.9933527696793003,
        "std": 0.0022629366257389447,
        "ci_low": 0.9918075801749272,
        "ci_high": 0.9949562682215743
      },
      "sa_stats": {
        "mean": 1.0,
        "std": 0.0,
        "ci_low": 1.0,
        "ci_high": 1.0
      },
      "welch_t": {
        "t_stat": -7.771723757485537,
        "p_value": 0.00023883669490865466,
        "cohens_d": -4.154161086451755,
        "mean_a": 0.9933527696793003,
        "mean_b": 1.0,
        "n_a": 7,
        "n_b": 7
      },
      "cliffs_delta": -1.0,
      "pt_raw": [
        0.9910204081632653,
        0.9940816326530613,
        0.9940816326530613,
        0.9910204081632653,
        0.9912244897959184,
        0.9961224489795919,
        0.9959183673469386
      ],
      "sa_raw": [
        1.0,
        1.0,
        1.0,
        1.0,
        1.0,
        1.0,
        1.0
      ]
    },
    {
      "sigma": 0.2,
      "pt_stats": {
        "mean": 0.9872303206997085,
        "std": 0.004170557077875567,
        "ci_low": 0.9843148688046648,
        "ci_high": 0.9900874635568513
      },
      "sa_stats": {
        "mean": 1.0,
        "std": 0.0,
        "ci_low": 1.0,
        "ci_high": 1.0
      },
      "welch_t": {
        "t_stat": -8.100931151344048,
        "p_value": 0.0001897783568541708,
        "cohens_d": -4.330129840310511,
        "mean_a": 0.9872303206997085,
        "mean_b": 1.0,
        "n_a": 7,
        "n_b": 7
      },
      "cliffs_delta": -1.0,
      "pt_raw": [
        0.9812244897959184,
        0.9897959183673469,
        0.9885714285714284,
        0.9846938775510206,
        0.9834693877551022,
        0.9928571428571427,
        0.99
      ],
      "sa_raw": [
        1.0,
        1.0,
        1.0,
        1.0,
        1.0,
        1.0,
        1.0
      ]
    },
    {
      "sigma": 0.3,
      "pt_stats": {
        "mean": 0.9701457725947522,
        "std": 0.0075415589608952335,
        "ci_low": 0.9648688046647232,
        "ci_high": 0.9753644314868806
      },
      "sa_stats": {
        "mean": 1.0,
        "std": 0.0,
        "ci_low": 1.0,
        "ci_high": 1.0
      },
      "welch_t": {
        "t_stat": -10.47354555043862,
        "p_value": 4.4462158920294854e-05,
        "cohens_d": -5.598345582073144,
        "mean_a": 0.9701457725947522,
        "mean_b": 1.0,
        "n_a": 7,
        "n_b": 7
      },
      "cliffs_delta": -1.0,
      "pt_raw": [
        0.9628571428571429,
        0.9740816326530612,
        0.9718367346938775,
        0.9608163265306124,
        0.9640816326530613,
        0.979183673469388,
        0.9781632653061225
      ],
      "sa_raw": [
        1.0,
        1.0,
        1.0,
        1.0,
        1.0,
        1.0,
        1.0
      ]
    },
    {
      "sigma": 0.4,
      "pt_stats": {
        "mean": 0.950466472303207,
        "std": 0.008844621298607963,
        "ci_low": 0.9443440233236151,
        "ci_high": 0.9567346938775511
      },
      "sa_stats": {
        "mean": 1.0,
        "std": 0.0,
        "ci_low": 1.0,
        "ci_high": 1.0
      },
      "welch_t": {
        "t_stat": -14.817298719852534,
        "p_value": 5.942132707140954e-06,
        "cohens_d": -7.920179315310329,
        "mean_a": 0.950466472303207,
        "mean_b": 1.0,
        "n_a": 7,
        "n_b": 7
      },
      "cliffs_delta": -1.0,
      "pt_raw": [
        0.9412244897959183,
        0.9518367346938774,
        0.9526530612244898,
        0.9395918367346938,
        0.9455102040816327,
        0.96,
        0.9624489795918368
      ],
      "sa_raw": [
        1.0,
        1.0,
        1.0,
        1.0,
        1.0,
        1.0,
        1.0
      ]
    },
    {
      "sigma": 0.5,
      "pt_stats": {
        "mean": 0.9268221574344022,
        "std": 0.010469909643976665,
        "ci_low": 0.9196209912536443,
        "ci_high": 0.9343731778425656
      },
      "sa_stats": {
        "mean": 1.0,
        "std": 0.0,
        "ci_low": 1.0,
        "ci_high": 1.0
      },
      "welch_t": {
        "t_stat": -18.49207676975441,
        "p_value": 1.612708461537825e-06,
        "cohens_d": -9.884430806048913,
        "mean_a": 0.9268221574344022,
        "mean_b": 1.0,
        "n_a": 7,
        "n_b": 7
      },
      "cliffs_delta": -1.0,
      "pt_raw": [
        0.9179591836734694,
        0.9281632653061223,
        0.9289795918367348,
        0.9138775510204082,
        0.9189795918367345,
        0.9389795918367347,
        0.9408163265306122
      ],
      "sa_raw": [
        1.0,
        1.0,
        1.0,
        1.0,
        1.0,
        1.0,
        1.0
      ]
    },
    {
      "sigma": 0.6,
      "pt_stats": {
        "mean": 0.9025072886297376,
        "std": 0.011020228195629466,
        "ci_low": 0.895131195335277,
        "ci_high": 0.9102915451895043
      },
      "sa_stats": {
        "mean": 1.0,