{
  "benchmark": "g2_2_regularization_ablation",
  "configs": [
    "pt_large_baseline",
    "pt_large_wd_1e-3",
    "pt_large_wd+drop"
  ],
  "occlusion_rates": [
    0.0,
    0.2,
    0.4,
    0.6
  ],
  "results": [
    {
      "config": {
        "label": "pt_large_baseline",
        "weight_decay": 0.0,
        "dropout": 0.0
      },
      "per_occlusion": {
        "0.0": {
          "mean": 0.9984649122807018,
          "std": 0.0026588499238995524,
          "ci_low": 0.9953947368421053,
          "ci_high": 1.0
        },
        "0.2": {
          "mean": 0.6646929824561404,
          "std": 0.013064360533865348,
          "ci_low": 0.65,
          "ci_high": 0.6750000000000002
        },
        "0.4": {
          "mean": 0.4010964912280701,
          "std": 0.02438947500927543,
          "ci_low": 0.3730263157894737,
          "ci_high": 0.4171052631578947
        },
        "0.6": {
          "mean": 0.20394736842105265,
          "std": 0.009327267683393314,
          "ci_low": 0.19342105263157894,
          "ci_high": 0.21118421052631584
        }
      }
    },
    {
      "config": {
        "label": "pt_large_wd_1e-3",
        "weight_decay": 0.001,
        "dropout": 0.0
      },
      "per_occlusion": {
        "0.0": {
          "mean": 0.9984649122807018,
          "std": 0.0026588499238995524,
          "ci_low": 0.9953947368421053,
          "ci_high": 1.0
        },
        "0.2": {
          "mean": 0.6646929824561404,
          "std": 0.013064360533865348,
          "ci_low": 0.65,
          "ci_high": 0.6750000000000002
        },
        "0.4": {
          "mean": 0.4010964912280701,
          "std": 0.02438947500927543,
          "ci_low": 0.3730263157894737,
          "ci_high": 0.4171052631578947
        },
        "0.6": {
          "mean": 0.20394736842105265,
          "std": 0.009327267683393314,
          "ci_low": 0.19342105263157894,
          "ci_high": 0.21118421052631584
        }
      }
    },
    {
      "config": {
        "label": "pt_large_wd+drop",
        "weight_decay": 0.0001,
        "dropout": 0.1
      },
      "per_occlusion": {
        "0.0": {
          "mean": 0.9984649122807018,
          "std": 0.0026588499238995524,
          "ci_low": 0.9953947368421053,
          "ci_high": 1.0
        },
        "0.2": {
          "mean": 0.6646929824561404,
          "std": 0.013064360533865348,
          "ci_low": 0.65,
          "ci_high": 0.6750000000000002
        },
        "0.4": {
          "mean": 0.4010964912280701,
          "std": 0.02438947500927543,
          "ci_low": 0.3730263157894737,
          "ci_high": 0.4171052631578947
        },
        "0.6": {
          "mean": 0.20394736842105265,
          "std": 0.009327267683393314,
          "ci_low": 0.19342105263157894,
          "ci_high": 0.21118421052631584
        }
      }
    }
  ]
}