{
  "benchmark": "pgd_attack",
  "epsilons": [
    0.05,
    0.1,
    0.2,
    0.3
  ],
  "seeds": [
    42,
    123,
    456
  ],
  "pgd_steps": 20,
  "alpha_rule": "eps/4",
  "sweep": [
    {
      "epsilon": 0.05,
      "pt_adv_ips": [
        0.9973684210526315,
        0.9967105263157896,
        0.9993421052631579
      ],
      "pt_adv_mean": 0.9978070175438596,
      "sa_adv_ips": [
        1.0,
        1.0,
        1.0
      ],
      "sa_adv_mean": 1.0,
      "pt_ci": {
        "mean": 0.9978070175438596,
        "ci_lower": 0.9967105263157897,
        "ci_upper": 0.999342105263158,
        "ci_width": 0.002631578947368318,
        "se": 0.0006425271504773141
      },
      "sa_ci": {
        "mean": 1.0,
        "ci_lower": 1.0,
        "ci_upper": 1.0,
        "ci_width": 0.0,
        "se": 0.0
      }
    },
    {
      "epsilon": 0.1,
      "pt_adv_ips": [
        0.9973684210526315,
        0.9967105263157896,
        0.9986842105263157
      ],
      "pt_adv_mean": 0.9975877192982456,
      "sa_adv_ips": [
        1.0,
        1.0,
        1.0
      ],
      "sa_adv_mean": 1.0,
      "pt_ci": {
        "mean": 0.9975877192982456,
        "ci_lower": 0.9967105263157897,
        "ci_upper": 0.9986842105263157,
        "ci_width": 0.0019736842105260166,
        "se": 0.0004714237400699686
      },
      "sa_ci": {
        "mean": 1.0,
        "ci_lower": 1.0,
        "ci_upper": 1.0,
        "ci_width": 0.0,
        "se": 0.0
      }
    },
    {
      "epsilon": 0.2,
      "pt_adv_ips": [
        0.9953947368421053,
        0.9953947368421053,
        0.9980263157894737
      ],
      "pt_adv_mean": 0.9962719298245615,
      "sa_adv_ips": [
        1.0,
        1.0,
        1.0
      ],
      "sa_adv_mean": 1.0,
      "pt_ci": {
        "mean": 0.9962719298245615,
        "ci_lower": 0.9953947368421053,
        "ci_upper": 0.9980263157894737,
        "ci_width": 0.002631578947368318,
        "se": 0.0007140258415712325
      },
      "sa_ci": {
        "mean": 1.0,
        "ci_lower": 1.0,
        "ci_upper": 1.0,
        "ci_width": 0.0,
        "se": 0.0
      }
    },
    {
      "epsilon": 0.3,
      "pt_adv_ips": [
        0.9921052631578947,
        0.9855263157894736,
        1.0
      ],
      "pt_adv_mean": 0.9925438596491228,
      "sa_adv_ips": [
        1.0,
        1.0,
        1.0
      ],
      "sa_adv_mean": 1.0,
      "pt_ci": {
        "mean": 0.9925438596491228,
        "ci_lower": 0.9855263157894735,
        "ci_upper": 1.0,
        "ci_width": 0.014473684210526527,
        "se": 0.0034006568012859865
      },
      "sa_ci": {
        "mean": 1.0,
        "ci_lower": 1.0,
        "ci_upper": 1.0,
        "ci_width": 0.0,
        "se": 0.0
      }
    }
  ]
}