{
  "benchmark": "heterogeneous_n_scaling",
  "n_scaling": [
    {
      "N": 128,
      "bc_homo_mean": 0.39969270428021747,
      "bc_hetero_mean": 0.5316419204076132,
      "bc_homo_ci": {
        "mean": 0.39969270428021747,
        "ci_lower": 0.3287498950958252,
        "ci_upper": 0.44346147775650024,
        "ci_width": 0.11471158266067505,
        "se": 0.02918364911919292
      },
      "bc_hetero_ci": {
        "mean": 0.5316419204076132,
        "ci_lower": 0.41744464635849,
        "ci_upper": 0.6403458118438721,
        "ci_width": 0.22290116548538208,
        "se": 0.053113316926852616
      },
      "hetero_stronger": true
    },
    {
      "N": 256,
      "bc_homo_mean": 0.488421897093455,
      "bc_hetero_mean": 0.43396178881327313,
      "bc_homo_ci": {
        "mean": 0.488421897093455,
        "ci_lower": 0.3728199899196625,
        "ci_upper": 0.6125271916389465,
        "ci_width": 0.23970720171928406,
        "se": 0.05634656316882014
      },
      "bc_hetero_ci": {
        "mean": 0.43396178881327313,
        "ci_lower": 0.38414350152015686,
        "ci_upper": 0.48081889748573303,
        "ci_width": 0.09667539596557617,
        "se": 0.022714931496520884
      },
      "hetero_stronger": false
    },
    {
      "N": 512,
      "bc_homo_mean": 0.49327587087949115,
      "bc_hetero_mean": 0.48647687832514447,
      "bc_homo_ci": {
        "mean": 0.49327587087949115,
        "ci_lower": 0.43439802527427673,
        "ci_upper": 0.5419631600379944,
        "ci_width": 0.10756513476371765,
        "se": 0.025995860701109246
      },
      "bc_hetero_ci": {
        "mean": 0.48647687832514447,
        "ci_lower": 0.44927892088890076,
        "ci_upper": 0.5403293371200562,
        "ci_width": 0.0910504162311554,
        "se": 0.02240705944532716
      },
      "hetero_stronger": false
    }
  ]
}