{
  "benchmark": "parameter_matched_occlusion",
  "occlusion": [
    {
      "occlusion_rate": 0.2,
      "pt_small_ip": 0.7552631578947369,
      "pt_large_ip": 0.6743421052631579,
      "sa_ip": 1.0,
      "pt_small_ci": {
        "mean": 0.7552631578947369,
        "ci_lower": 0.7328947368421053,
        "ci_upper": 0.7776315789473685,
        "ci_width": 0.044736842105263186,
        "se": 0.011481459400049538
      },
      "pt_large_ci": {
        "mean": 0.6743421052631579,
        "ci_lower": 0.6427631578947369,
        "ci_upper": 0.7078947368421054,
        "ci_width": 0.06513157894736843,
        "se": 0.01664921247698235
      },
      "sa_ci": {
        "mean": 1.0,
        "ci_lower": 1.0,
        "ci_upper": 1.0,
        "ci_width": 0.0,
        "se": 0.0
      },
      "ptl_closes_gap": false
    },
    {
      "occlusion_rate": 0.4,
      "pt_small_ip": 0.5980263157894737,
      "pt_large_ip": 0.4098684210526316,
      "sa_ip": 1.0,
      "pt_small_ci": {
        "mean": 0.5980263157894737,
        "ci_lower": 0.5730263157894737,
        "ci_upper": 0.6223848684210526,
        "ci_width": 0.049358552631578845,
        "se": 0.012721244363443067
      },
      "pt_large_ci": {
        "mean": 0.4098684210526316,
        "ci_lower": 0.3782894736842105,
        "ci_upper": 0.44342105263157894,
        "ci_width": 0.06513157894736843,
        "se": 0.01662306329918627
      },
      "sa_ci": {
        "mean": 1.0,
        "ci_lower": 1.0,
        "ci_upper": 1.0,
        "ci_width": 0.0,
        "se": 0.0
      },
      "ptl_closes_gap": false
    },
    {
      "occlusion_rate": 0.6,
      "pt_small_ip": 0.4374999999999999,
      "pt_large_ip": 0.20460526315789473,
      "sa_ip": 1.0,
      "pt_small_ci": {
        "mean": 0.4374999999999999,
        "ci_lower": 0.41381578947368414,
        "ci_upper": 0.45988486842105253,
        "ci_width": 0.04606907894736839,
        "se": 0.012087749120681484
      },
      "pt_large_ci": {
        "mean": 0.20460526315789473,
        "ci_lower": 0.18026315789473682,
        "ci_upper": 0.22697368421052633,
        "ci_width": 0.04671052631578951,
        "se": 0.011976279121471528
      },
      "sa_ci": {
        "mean": 1.0,
        "ci_lower": 1.0,
        "ci_upper": 1.0,
        "ci_width": 0.0,
        "se": 0.0
      },
      "ptl_closes_gap": false
    },
    {
      "occlusion_rate": 0.8,
      "pt_small_ip": 0.3092105263157895,
      "pt_large_ip": 0.08223684210526315,
      "sa_ip": 1.0,
      "pt_small_ci": {
        "mean": 0.3092105263157895,
        "ci_lower": 0.2967105263157895,
        "ci_upper": 0.3217105263157895,
        "ci_width": 0.025000000000000022,
        "se": 0.006510223101425356
      },
      "pt_large_ci": {
        "mean": 0.08223684210526315,
        "ci_lower": 0.07302631578947369,
        "ci_upper": 0.09144736842105264,
        "ci_width": 0.01842105263157895,
        "se": 0.004787575961513049
      },
      "sa_ci": {
        "mean": 1.0,
        "ci_lower": 1.0,
        "ci_upper": 1.0,
        "ci_width": 0.0,
        "se": 0.0
      },
      "ptl_closes_gap": false
    }
  ]
}