{
  "benchmark": "topology_comparison",
  "N": 256,
  "topologies": {
    "ring": {
      "bc_mean": 0.45615198612213137,
      "bc_ci": {
        "mean": 0.45615198612213137,
        "ci_lower": 0.3852405548095703,
        "ci_upper": 0.536513727903366,
        "ci_width": 0.15127317309379573,
        "se": 0.03921446042664032
      },
      "bc_vals": [
        0.479918509721756,
        0.3728199899196625,
        0.6125271916389465,
        0.4504256844520569,
        0.36506855487823486
      ]
    },
    "2community": {
      "bc_mean": 0.4385452210903168,
      "bc_ci": {
        "mean": 0.4385452210903168,
        "ci_lower": 0.4094469726085663,
        "ci_upper": 0.45594546794891355,
        "ci_width": 0.04649849534034728,
        "se": 0.013106200638511574
      },
      "bc_vals": [
        0.44746464490890503,
        0.4575954079627991,
        0.458117812871933,
        0.44882330298423767,
        0.3807249367237091
      ]
    },
    "4community": {
      "bc_mean": 0.4386065423488617,
      "bc_ci": {
        "mean": 0.4386065423488617,
        "ci_lower": 0.41759601831436155,
        "ci_upper": 0.4607980251312256,
        "ci_width": 0.043202006816864036,
        "se": 0.011250254971046472
      },
      "bc_vals": [
        0.42016008496284485,
        0.4543311297893524,
        0.48013514280319214,
        0.42915278673171997,
        0.4092535674571991
      ]
    }
  }
}