{
  "benchmark": "phase_coherence_adversarial",
  "epsilon": 0.2,
  "pt_clean_ip": 0.9993421052631579,
  "pt_adv_ip": 0.9894736842105262,
  "ip_degradation": 0.009868421052631748,
  "per_seq_clean": [
    1.0,
    1.0,
    1.0,
    1.0,
    1.0,
    1.0,
    0.9868421052631579,
    1.0,
    1.0,
    1.0,
    1.0,
    1.0,
    1.0,
    1.0,
    1.0,
    1.0,
    1.0,
    1.0,
    1.0,
    1.0
  ],
  "per_seq_adv": [
    1.0,
    1.0,
    1.0,
    0.9736842105263158,
    1.0,
    0.9868421052631579,
    0.9736842105263158,
    0.9605263157894737,
    1.0,
    1.0,
    1.0,
    0.9868421052631579,
    1.0,
    1.0,
    0.9473684210526315,
    1.0,
    1.0,
    0.9605263157894737,
    1.0,
    1.0
  ]
}