{
  "benchmark": "curriculum_training",
  "seeds": [
    42,
    123,
    456
  ],
  "models": {
    "PT": {
      "per_seed": [
        {
          "stage_1": {
            "n_objects": 2,
            "n_frames": 10,
            "final_val_ip": 1.0,
            "best_epoch": 9,
            "total_epochs": 10,
            "wall_time_s": 48.24351260000185,
            "val_ips": [
              0.9833333333333334,
              0.9833333333333334,
              0.9888888888888889,
              1.0,
              1.0,
              1.0,
              1.0,
              1.0,
              1.0,
              1.0
            ]
          },
          "stage_2": {
            "n_objects": 3,
            "n_frames": 20,
            "final_val_ip": 1.0,
            "best_epoch": 9,
            "total_epochs": 10,
            "wall_time_s": 99.8532211999991,
            "val_ips": [
              0.9964912280701753,
              0.9964912280701753,
              0.9964912280701753,
              0.9982456140350877,
              0.9982456140350877,
              0.9982456140350877,
              0.9982456140350877,
              1.0,
              1.0,
              1.0
            ]
          },
          "stage_3": {
            "n_objects": 4,
            "n_frames": 40,
            "final_val_ip": 0.998076923076923,
            "best_epoch": 9,
            "total_epochs": 10,
            "wall_time_s": 206.69367109999803,
            "val_ips": [
              0.9993589743589745,
              0.9987179487179487,
              0.998076923076923,
              0.998076923076923,
              0.998076923076923,
              0.998076923076923,
              0.998076923076923,
              0.998076923076923,
              0.998076923076923,
              0.998076923076923
            ]
          },
          "stage_4": {
            "n_objects": 6,
            "n_frames": 60,
            "final_val_ip": 0.9957627118644068,
            "best_epoch": 9,
            "total_epochs": 10,
            "wall_time_s": 332.53595950000454,
            "val_ips": [
              0.9951977401129943,
              0.9949152542372881,
              0.9951977401129943,
              0.9954802259887006,
              0.9954802259887006,
              0.9954802259887006,
              0.9954802259887006,
              0.9954802259887006,
              0.9954802259887006,
              0.9957627118644068
            ]
          }
        },
        {
          "stage_1": {
            "n_objects": 2,
            "n_frames": 10,
            "final_val_ip": 1.0,
            "best_epoch": 9,
            "total_epochs": 10,
            "wall_time_s": 46.841148699997575,
            "val_ips": [
              0.9555555555555555,
              0.961111111111111,
              0.9666666666666666,
              0.9722222222222221,
              0.9777777777777779,
              0.9833333333333334,
              0.9833333333333334,
              0.9888888888888889,
              0.9944444444444445,
              1.0
            ]
          },
          "stage_2": {
            "n_objects": 3,
            "n_frames": 20,
            "final_val_ip": 1.0,
            "best_epoch": 9,
            "total_epochs": 10,
            "wall_time_s": 100.75016340000002,
            "val_ips": [
              1.0,
              1.0,
              1.0,
              1.0,
              1.0,
              1.0,
              1.0,
              1.0,
              1.0,
              1.0
            ]
          },
          "stage_3": {
            "n_objects": 4,
            "n_frames": 40,
            "final_val_ip": 1.0,
            "best_epoch": 9,
            "total_epochs": 10,
            "wall_time_s": 210.11427840000397,
            "val_ips": [
              1.0,
              1.0,
              1.0,
              1.0,
              1.0,
              1.0,
              1.0,
              1.0,
              1.0,
              1.0
            ]
          },
          "stage_4": {
            "n_objects": 6,
            "n_frames": 60,
            "final_val_ip": 0.9997175141242938,
            "best_epoch": 9,
            "total_epochs": 10,
            "wall_time_s": 331.7250465000034,
            "val_ips": [
              0.9977401129943502,
              0.9994350282485875,
              0.9994350282485875,
              0.9994350282485875,
              0.9997175141242938,
              0.9997175141242938,
              1.0,
              1.0,
              0.9997175141242938,
              0.9997175141242938
            ]
          }
        },
        {
          "stage_1": {
            "n_objects": 2,
            "n_frames": 10,
            "final_val_ip": 1.0,
            "best_epoch": 9,
            "total_epochs": 10,
            "wall_time_s": 47.23066170000675,
            "val_ips": [
              0.95,
              0.95,
              1.0,
              1.0,
              1.0,
              1.0,
              1.0,
              1.0,
              1.0,
              1.0
            ]
          },
          "stage_2": {
            "n_objects": 3,
            "n_frames": 20,
            "final_val_ip": 0.9982456140350877,
            "best_epoch": 9,
            "total_epochs": 10,
            "wall_time_s": 100.9542253000036,
            "val_ips": [
              0.9964912280701753,
              0.9982456140350877,
              1.0,
              1.0,
              1.0,
              1.0,
              1.0,
              0.9982456140350877,
              0.9982456140350877,
              0.9982456140350877
            ]
          },
          "stage_3": {
            "n_objects": 4,
            "n_frames": 40,
            "final_val_ip": 0.9987179487179487,
            "best_epoch": 9,
            "total_epochs": 10,
            "wall_time_s": 210.4907288999966,
            "val_ips": [
              0.9987179487179487,
              0.9987179487179487,
              0.9987179487179487,
              0.9987179487179487,
              0.9987179487179487,
              0.9987179487179487,
              0.9987179487179487,
              0.9987179487179487,
              0.9987179487179487,
              0.9987179487179487
            ]
          },
          "stage_4": {
            "n_objects": 6,
            "n_frames": 60,
            "final_val_ip": 0.9994350282485875,
            "best_epoch": 9,
            "total_epochs": 10,
            "wall_time_s": 332.64703150000423,
            "val_ips": [
              0.9988700564971751,
              0.9991525423728813,
              0.9994350282485875,
              0.9991525423728813,
              0.9988700564971751,
              0.9988700564971751,
              0.9991525423728813,
              0.9991525423728813,
              0.9994350282485875,
              0.9994350282485875
            ]
          }
        }
      ],
      "stages_agg": {
        "stage_1": {
          "mean_ip": 1.0,
          "ips": [
            1.0,
            1.0,
            1.0
          ]
        },
        "stage_2": {
          "mean_ip": 0.9994152046783625,
          "ips": [
            1.0,
            1.0,
            0.9982456140350877
          ]
        },
        "stage_3": {
          "mean_ip": 0.9989316239316239,
          "ips": [
            0.998076923076923,
            1.0,
            0.9987179487179487
          ]
        },
        "stage_4": {
          "mean_ip": 0.9983050847457626,
          "ips": [
            0.9957627118644068,
            0.9997175141242938,
            0.9994350282485875
          ]
        }
      }
    },
    "SA": {
      "per_seed": [
        {
          "stage_1": {
            "n_objects": 2,
            "n_frames": 10,
            "final_val_ip": 1.0,
            "best_epoch": 9,
            "total_epochs": 10,
            "wall_time_s": 28.969681800001126,