{
  "benchmark": "4community_chimera",
  "N": 256,
  "sweep": [
    {
      "k_inter": 0,
      "bc_mean": 0.4517861306667328,
      "bc_ci": {
        "mean": 0.4517861306667328,
        "ci_lower": 0.4084120988845825,
        "ci_upper": 0.5253270864486694,
        "ci_width": 0.11691498756408691,
        "se": 0.030209440728059284
      }
    },
    {
      "k_inter": 2,
      "bc_mean": 0.45430414875348407,
      "bc_ci": {
        "mean": 0.45430414875348407,
        "ci_lower": 0.43997010588645935,
        "ci_upper": 0.47858476638793945,
        "ci_width": 0.0386146605014801,
        "se": 0.010087368116340973
      }
    },
    {
      "k_inter": 5,
      "bc_mean": 0.4515421191851298,
      "bc_ci": {
        "mean": 0.4515421191851298,
        "ci_lower": 0.42016008496284485,
        "ci_upper": 0.48013514280319214,
        "ci_width": 0.05997505784034729,
        "se": 0.014270581080701665
      }
    },
    {
      "k_inter": 10,
      "bc_mean": 0.43733181556065875,
      "bc_ci": {
        "mean": 0.43733181556065875,
        "ci_lower": 0.39423850178718567,
        "ci_upper": 0.47679251432418823,
        "ci_width": 0.08255401253700256,
        "se": 0.019733333716000532
      }
    }
  ]
}