{
  "benchmark": "noise_crossover",
  "crossover_sigma": null,
  "lambda_pt": 0.39588310658241815,
  "lambda_sa": -0.0,
  "pt_degrades_slower": false,
  "per_sigma_stats": {
    "0.0": {
      "t_stat": -1.5118578920368815,
      "p_value": 0.2697032566597846,
      "cohens_d": -1.2344267996967129,
      "mean_diff": -0.0008771929824561431
    },
    "0.05": {
      "t_stat": -1.3867504905630406,
      "p_value": 0.29985995798600334,
      "cohens_d": -1.1322770341445694,
      "mean_diff": -0.0010964912280702066
    },
    "0.1": {
      "t_stat": -6.047431568148255,
      "p_value": 0.026271008879699513,
      "cohens_d": -4.937707198787447,
      "mean_diff": -0.0035087719298245723
    },
    "0.2": {
      "t_stat": -8.42857142857123,
      "p_value": 0.013786002059106102,
      "cohens_d": -6.881899753533528,
      "mean_diff": -0.012938596491228083
    },
    "0.3": {
      "t_stat": -18.412686578200372,
      "p_value": 0.0029366308097506484,
      "cohens_d": -15.033895636794435,
      "mean_diff": -0.024561403508772006
    },
    "0.5": {
      "t_stat": -8.345864492887262,
      "p_value": 0.014054830454027915,
      "cohens_d": -6.81436982332856,
      "mean_diff": -0.05438596491228065
    },
    "0.7": {
      "t_stat": -6.801274031216594,
      "p_value": 0.02094151472443177,
      "cohens_d": -5.553216992440881,
      "mean_diff": -0.11557017543859649
    },
    "1.0": {
      "t_stat": -15.833025402140882,
      "p_value": 0.003965363343087777,
      "cohens_d": -12.927611106589865,
      "mean_diff": -0.27368421052631575
    },
    "1.5": {
      "t_stat": -36.856330437826436,
      "p_value": 0.000735354184493405,
      "cohens_d": -30.093067788027763,
      "mean_diff": -0.4418859649122807
    },
    "2.0": {
      "t_stat": -37.25111747177193,
      "p_value": 0.0007198669596147135,
      "cohens_d": -30.415410051438858,
      "mean_diff": -0.5258771929824562
    }
  }
}