{
  "benchmark": "fgsm_sweep",
  "epsilons": [
    0.01,
    0.05,
    0.1,
    0.2,
    0.3,
    0.5
  ],
  "seeds": [
    42,
    123,
    456
  ],
  "sweep": [
    {
      "epsilon": 0.01,
      "pt_clean_ip": 1.0,
      "pt_adv_ips": [
        1.0,
        1.0,
        0.9993421052631579
      ],
      "pt_adv_mean": 0.9997807017543859,
      "sa_clean_ip": 1.0,
      "sa_adv_ips": [
        1.0,
        1.0,
        1.0
      ],
      "sa_adv_mean": 1.0,
      "pt_degradation": 0.00021929824561406353,
      "sa_degradation": 0.0,
      "pt_ci": {
        "mean": 0.9997807017543859,
        "ci_lower": 0.999342105263158,
        "ci_upper": 1.0,
        "ci_width": 0.0006578947368419685,
        "se": 0.00017850646039278327
      },
      "sa_ci": {
        "mean": 1.0,
        "ci_lower": 1.0,
        "ci_upper": 1.0,
        "ci_width": 0.0,
        "se": 0.0
      }
    },
    {
      "epsilon": 0.05,
      "pt_clean_ip": 1.0,
      "pt_adv_ips": [
        1.0,
        1.0,
        0.9986842105263157
      ],
      "pt_adv_mean": 0.999561403508772,
      "sa_clean_ip": 1.0,
      "sa_adv_ips": [
        1.0,
        1.0,
        1.0
      ],
      "sa_adv_mean": 1.0,
      "pt_degradation": 0.00043859649122801603,
      "sa_degradation": 0.0,
      "pt_ci": {
        "mean": 0.999561403508772,
        "ci_lower": 0.9986842105263157,
        "ci_upper": 1.0,
        "ci_width": 0.0013157894736842701,
        "se": 0.00035701292078562573
      },
      "sa_ci": {
        "mean": 1.0,
        "ci_lower": 1.0,
        "ci_upper": 1.0,
        "ci_width": 0.0,
        "se": 0.0
      }
    },
    {
      "epsilon": 0.1,
      "pt_clean_ip": 1.0,
      "pt_adv_ips": [
        1.0,
        1.0,
        0.9960526315789474
      ],
      "pt_adv_mean": 0.9986842105263158,
      "sa_clean_ip": 1.0,
      "sa_adv_ips": [
        1.0,
        1.0,
        1.0
      ],
      "sa_adv_mean": 1.0,
      "pt_degradation": 0.001315789473684159,
      "sa_degradation": 0.0,
      "pt_ci": {
        "mean": 0.9986842105263158,
        "ci_lower": 0.9960526315789474,
        "ci_upper": 1.0,
        "ci_width": 0.003947368421052588,
        "se": 0.0010710387623568277
      },
      "sa_ci": {
        "mean": 1.0,
        "ci_lower": 1.0,
        "ci_upper": 1.0,
        "ci_width": 0.0,
        "se": 0.0
      }
    },
    {
      "epsilon": 0.2,
      "pt_clean_ip": 1.0,
      "pt_adv_ips": [
        0.9993421052631579,
        0.9960526315789474,
        0.9914473684210525
      ],
      "pt_adv_mean": 0.9956140350877192,
      "sa_clean_ip": 1.0,
      "sa_adv_ips": [
        1.0,
        1.0,
        1.0
      ],
      "sa_adv_mean": 1.0,
      "pt_degradation": 0.004385964912280826,
      "sa_degradation": 0.0,
      "pt_ci": {
        "mean": 0.9956140350877192,
        "ci_lower": 0.9914473684210524,
        "ci_upper": 0.999342105263158,
        "ci_width": 0.00789473684210562,
        "se": 0.0018754912600255354
      },
      "sa_ci": {
        "mean": 1.0,
        "ci_lower": 1.0,
        "ci_upper": 1.0,
        "ci_width": 0.0,
        "se": 0.0
      }
    },
    {
      "epsilon": 0.3,
      "pt_clean_ip": 1.0,
      "pt_adv_ips": [
        0.9960526315789474,
        0.9953947368421053,
        0.9901315789473685
      ],
      "pt_adv_mean": 0.9938596491228071,
      "sa_clean_ip": 1.0,
      "sa_adv_ips": [
        1.0,
        1.0,
        1.0
      ],
      "sa_adv_mean": 1.0,
      "pt_degradation": 0.0061403508771928905,
      "sa_degradation": 0.0,
      "pt_ci": {
        "mean": 0.9938596491228071,
        "ci_lower": 0.9901315789473685,
        "ci_upper": 0.9960526315789474,
        "ci_width": 0.005921052631578938,
        "se": 0.0015270078674891755
      },
      "sa_ci": {
        "mean": 1.0,
        "ci_lower": 1.0,
        "ci_upper": 1.0,
        "ci_width": 0.0,
        "se": 0.0
      }
    },
    {
      "epsilon": 0.5,
      "pt_clean_ip": 1.0,
      "pt_adv_ips": [
        0.9842105263157894,
        0.9894736842105264,
        0.9861842105263158
      ],
      "pt_adv_mean": 0.9866228070175439,
      "sa_clean_ip": 1.0,
      "sa_adv_ips": [
        1.0,
        1.0,
        1.0
      ],
      "sa_adv_mean": 1.0,
      "pt_degradation": 0.013377192982456099,
      "sa_degradation": 0.0,
      "pt_ci": {
        "mean": 0.9866228070175439,
        "ci_lower": 0.9842105263157895,
        "ci_upper": 0.9894736842105264,
        "ci_width": 0.0052631578947368585,
        "se": 0.001264348968632259
      },
      "sa_ci": {
        "mean": 1.0,
        "ci_lower": 1.0,
        "ci_upper": 1.0,
        "ci_width": 0.0,
        "se": 0.0
      }
    }
  ]
}