{
  "benchmark": "freq_distribution_comparison",
  "sigma": 1.0,
  "distributions": [
    {
      "distribution": "gaussian",
      "bc_mean": 0.488421897093455,
      "bc_ci": {
        "mean": 0.488421897093455,
        "ci_lower": 0.3728199899196625,
        "ci_upper": 0.6125271916389465,
        "ci_width": 0.23970720171928406,
        "se": 0.05634656316882014
      }
    },
    {
      "distribution": "lorentzian",
      "bc_mean": 0.488421897093455,
      "bc_ci": {
        "mean": 0.488421897093455,
        "ci_lower": 0.3728199899196625,
        "ci_upper": 0.6125271916389465,
        "ci_width": 0.23970720171928406,
        "se": 0.05634656316882014
      }
    },
    {
      "distribution": "uniform",
      "bc_mean": 0.488421897093455,
      "bc_ci": {
        "mean": 0.488421897093455,
        "ci_lower": 0.3728199899196625,
        "ci_upper": 0.6125271916389465,
        "ci_width": 0.23970720171928406,
        "se": 0.05634656316882014
      }
    }
  ]
}