{
  "benchmark": "cross_community_phase",
  "N": 256,
  "per_community_r": [
    0.15198445320129395,
    0.09537562727928162,
    0.12280894070863724,
    0.12905213236808777
  ],
  "inter_community_phase_diff": {
    "comm_0_vs_1": 1.940843939781189,
    "comm_0_vs_2": -0.3261886537075043,
    "comm_0_vs_3": 1.7735811471939087,
    "comm_1_vs_2": -2.2670326232910156,
    "comm_1_vs_3": -0.1672627478837967,
    "comm_2_vs_3": 2.0997698307037354
  },
  "n_communities": 4
}