{
  "benchmark": "g1_2_noise_sweep",
  "n_seeds": 3,
  "sigmas": [
    0.0,
    0.3,
    1.0,
    2.0
  ],
  "sweep": [
    {
      "sigma": 0.0,
      "pt_stats": {
        "mean": 0.9986842105263157,
        "std": 0.0013157894736842701,
        "ci_low": 0.9973684210526313,
        "ci_high": 1.0
      },
      "sa_stats": {
        "mean": 1.0,
        "std": 0.0,
        "ci_low": 1.0,
        "ci_high": 1.0
      },
      "welch_t": {
        "t_stat": -1.7320508075688772,
        "p_value": 0.22540333075851665,
        "cohens_d": -1.4142135623730951,
        "mean_a": 0.9986842105263157,
        "mean_b": 1.0,
        "n_a": 3,
        "n_b": 3
      }
    },
    {
      "sigma": 0.3,
      "pt_stats": {
        "mean": 0.9800438596491228,
        "std": 0.003623401675846069,
        "ci_low": 0.9776315789473685,
        "ci_high": 0.9842105263157895
      },
      "sa_stats": {
        "mean": 1.0,
        "std": 0.0,
        "ci_low": 1.0,
        "ci_high": 1.0
      },
      "welch_t": {
        "t_stat": -9.539392014169607,
        "p_value": 0.010811128420909375,
        "cohens_d": -7.7888809636987375,
        "mean_a": 0.9800438596491228,
        "mean_b": 1.0,
        "n_a": 3,
        "n_b": 3
      }
    },
    {
      "sigma": 1.0,
      "pt_stats": {
        "mean": 0.8013157894736841,
        "std": 0.017763157894736814,
        "ci_low": 0.7835526315789473,
        "ci_high": 0.8190789473684209
      },
      "sa_stats": {
        "mean": 1.0,
        "std": 0.0,
        "ci_low": 1.0,
        "ci_high": 1.0
      },
      "welch_t": {
        "t_stat": -19.373309032807484,
        "p_value": 0.0026537556954127155,
        "cohens_d": -15.818240586543542,
        "mean_a": 0.8013157894736841,
        "mean_b": 1.0,
        "n_a": 3,
        "n_b": 3
      }
    },
    {
      "sigma": 2.0,
      "pt_stats": {
        "mean": 0.5947368421052631,
        "std": 0.024651307888414756,
        "ci_low": 0.575,
        "ci_high": 0.6223684210526316
      },
      "sa_stats": {
        "mean": 1.0,
        "std": 0.0,
        "ci_low": 1.0,
        "ci_high": 1.0
      },
      "welch_t": {
        "t_stat": -28.474610072895068,
        "p_value": 0.001231067549350291,
        "cohens_d": -23.249421767769014,
        "mean_a": 0.5947368421052631,
        "mean_b": 1.0,
        "n_a": 3,
        "n_b": 3
      }
    }
  ]
}