{
  "benchmark": "adversarial_vs_random",
  "epsilons": [
    0.05,
    0.1,
    0.2,
    0.3
  ],
  "results": [
    {
      "epsilon": 0.05,
      "noise_types": {
        "fgsm": {
          "pt_ip": 0.9986842105263157,
          "sa_ip": 1.0
        },
        "gaussian": {
          "pt_ip": 1.0,
          "sa_ip": 1.0
        },
        "uniform": {
          "pt_ip": 0.9993421052631579,
          "sa_ip": 1.0
        }
      }
    },
    {
      "epsilon": 0.1,
      "noise_types": {
        "fgsm": {
          "pt_ip": 0.9973684210526315,
          "sa_ip": 1.0
        },
        "gaussian": {
          "pt_ip": 0.9967105263157894,
          "sa_ip": 1.0
        },
        "uniform": {
          "pt_ip": 1.0,
          "sa_ip": 1.0
        }
      }
    },
    {
      "epsilon": 0.2,
      "noise_types": {
        "fgsm": {
          "pt_ip": 0.9921052631578947,
          "sa_ip": 1.0
        },
        "gaussian": {
          "pt_ip": 0.9894736842105264,
          "sa_ip": 1.0
        },
        "uniform": {
          "pt_ip": 0.9973684210526315,
          "sa_ip": 1.0
        }
      }
    },
    {
      "epsilon": 0.3,
      "noise_types": {
        "fgsm": {
          "pt_ip": 0.9901315789473684,
          "sa_ip": 1.0
        },
        "gaussian": {
          "pt_ip": 0.9710526315789473,
          "sa_ip": 1.0
        },
        "uniform": {
          "pt_ip": 0.9901315789473684,
          "sa_ip": 1.0
        }
      }
    }
  ]
}