{
  "benchmark": "noise_sweep",
  "sigmas": [
    0.0,
    0.05,
    0.1,
    0.2,
    0.3,
    0.5,
    0.7,
    1.0,
    1.5,
    2.0
  ],
  "seeds": [
    42,
    123,
    456
  ],
  "sweep": [
    {
      "sigma": 0.0,
      "pt_ips": [
        1.0,
        0.9993421052631579,
        0.9980263157894737
      ],
      "sa_ips": [
        1.0,
        1.0,
        1.0
      ],
      "pt_mean": 0.9991228070175439,
      "sa_mean": 1.0,
      "pt_ci": {
        "mean": 0.9991228070175439,
        "ci_lower": 0.9980263157894737,
        "ci_upper": 1.0,
        "ci_width": 0.0019736842105263497,
        "se": 0.0004745240275963284
      },
      "sa_ci": {
        "mean": 1.0,
        "ci_lower": 1.0,
        "ci_upper": 1.0,
        "ci_width": 0.0,
        "se": 0.0
      }
    },
    {
      "sigma": 0.05,
      "pt_ips": [
        0.9993421052631579,
        1.0,
        0.9973684210526315
      ],
      "sa_ips": [
        1.0,
        1.0,
        1.0
      ],
      "pt_mean": 0.9989035087719298,
      "sa_mean": 1.0,
      "pt_ci": {
        "mean": 0.9989035087719298,
        "ci_lower": 0.9973684210526313,
        "ci_upper": 1.0,
        "ci_width": 0.0026315789473686513,
        "se": 0.0006425271504773566
      },
      "sa_ci": {
        "mean": 1.0,
        "ci_lower": 1.0,
        "ci_upper": 1.0,
        "ci_width": 0.0,
        "se": 0.0
      }
    },
    {
      "sigma": 0.1,
      "pt_ips": [
        0.9973684210526315,
        0.9967105263157894,
        0.9953947368421053
      ],
      "sa_ips": [
        1.0,
        1.0,
        1.0
      ],
      "pt_mean": 0.9964912280701754,
      "sa_mean": 1.0,
      "pt_ci": {
        "mean": 0.9964912280701754,
        "ci_lower": 0.9953947368421053,
        "ci_upper": 0.9973684210526313,
        "ci_width": 0.0019736842105260166,
        "se": 0.0004745240275962781
      },
      "sa_ci": {
        "mean": 1.0,
        "ci_lower": 1.0,
        "ci_upper": 1.0,
        "ci_width": 0.0,
        "se": 0.0
      }
    },
    {
      "sigma": 0.2,
      "pt_ips": [
        0.9894736842105264,
        0.9842105263157894,
        0.9875
      ],
      "sa_ips": [
        1.0,
        1.0,
        1.0
      ],
      "pt_mean": 0.9870614035087719,
      "sa_mean": 1.0,
      "pt_ci": {
        "mean": 0.9870614035087719,
        "ci_lower": 0.9842105263157895,
        "ci_upper": 0.9894736842105264,
        "ci_width": 0.0052631578947368585,
        "se": 0.001264348968632235
      },
      "sa_ci": {
        "mean": 1.0,
        "ci_lower": 1.0,
        "ci_upper": 1.0,
        "ci_width": 0.0,
        "se": 0.0
      }
    },
    {
      "sigma": 0.3,
      "pt_ips": [
        0.9776315789473683,
        0.975657894736842,
        0.9730263157894736
      ],
      "sa_ips": [
        1.0,
        1.0,
        1.0
      ],
      "pt_mean": 0.975438596491228,
      "sa_mean": 1.0,
      "pt_ci": {
        "mean": 0.975438596491228,
        "ci_lower": 0.9730263157894736,
        "ci_upper": 0.9776315789473683,
        "ci_width": 0.004605263157894668,
        "se": 0.0010929591741539759
      },
      "sa_ci": {
        "mean": 1.0,
        "ci_lower": 1.0,
        "ci_upper": 1.0,
        "ci_width": 0.0,
        "se": 0.0
      }
    },
    {
      "sigma": 0.5,
      "pt_ips": [
        0.9473684210526316,
        0.9559210526315788,
        0.9335526315789474
      ],
      "sa_ips": [
        1.0,
        1.0,
        1.0
      ],
      "pt_mean": 0.9456140350877194,
      "sa_mean": 1.0,
      "pt_ci": {
        "mean": 0.9456140350877194,
        "ci_lower": 0.9335526315789474,
        "ci_upper": 0.9559210526315788,
        "ci_width": 0.02236842105263137,
        "se": 0.00529503316579029
      },
      "sa_ci": {
        "mean": 1.0,
        "ci_lower": 1.0,
        "ci_upper": 1.0,
        "ci_width": 0.0,
        "se": 0.0
      }
    },
    {
      "sigma": 0.7,
      "pt_ips": [
        0.9046052631578947,
        0.8980263157894738,
        0.850657894736842
      ],
      "sa_ips": [
        1.0,
        1.0,
        1.0
      ],
      "pt_mean": 0.8844298245614035,
      "sa_mean": 1.0,
      "pt_ci": {
        "mean": 0.8844298245614035,
        "ci_lower": 0.850657894736842,
        "ci_upper": 0.9046052631578947,
        "ci_width": 0.053947368421052744,
        "se": 0.013850339861512248
      },
      "sa_ci": {
        "mean": 1.0,
        "ci_lower": 1.0,
        "ci_upper": 1.0,
        "ci_width": 0.0,
        "se": 0.0
      }
    },
    {
      "sigma": 1.0,
      "pt_ips": [
        0.7519736842105262,
        0.7335526315789475,
        0.6934210526315789
      ],
      "sa_ips": [
        1.0,
        1.0,
        1.0
      ],
      "pt_mean": 0.7263157894736842,
      "sa_mean": 1.0,
      "pt_ci": {
        "mean": 0.7263157894736842,
        "ci_lower": 0.6934210526315789,
        "ci_upper": 0.7519736842105263,
        "ci_width": 0.05855263157894741,
        "se": 0.014132218249162692
      },
      "sa_ci": {
        "mean": 1.0,
        "ci_lower": 1.0,
        "ci_upper": 1.0,
        "ci_width": 0.0,
        "se": 0.0
      }
    },
    {
      "sigma": 1.5,
      "pt_ips": [
        0.5815789473684211,
        0.5421052631578946,
        0.5506578947368422
      ],
      "sa_ips": [
        1.0,
        1.0,
        1.0
      ],
      "pt_mean": 0.5581140350877193,
      "sa_mean": 1.0,
      "pt_ci": {
        "mean": 0.5581140350877193,
        "ci_lower": 0.5421052631578946,
        "ci_upper": 0.5815789473684211,
        "ci_width": 0.03947368421052644,
        "se": 0.009909526853040923
      },
      "sa_ci": {
        "mean": 1.0,
        "ci_lower": 1.0,
        "ci_upper": 1.0,
        "ci_width": 0.0,
        "se": 0.0
      }
    },
    {
      "sigma": 2.0,
      "pt_ips": [
        0.4855263157894737,
        0.44605263157894737,
        0.49078947368421055
      ],
      "sa_ips": [
        1.0,
        1.0,
        1.0
      ],
      "pt_mean": 0.47412280701754383,
      "sa_mean": 1.0,
      "pt_ci": {
        "mean": 0.47412280701754383,
        "ci_lower": 0.4460526315789474,
        "ci_upper": 0.4907894736842106,
        "ci_width": 0.044736842105263186,
        "se": 0.011535453890192386
      },
      "sa_ci": {
        "mean": 1.0,
        "ci_lower": 1.0,
        "ci_upper": 1.0,
        "ci_width": 0.0,
        "se": 0.0
      }
    }
  ]
}