{
  "benchmark": "g3_2_sequence_scaling",
  "frame_counts": [
    20,
    50,
    100,
    200
  ],
  "sweep": [
    {
      "n_frames": 20,
      "pt_stats": {
        "mean": 0.9960526315789474,
        "std": 0.005735393346763986,
        "ci_low": 0.9894736842105264,
        "ci_high": 1.0
      },
      "sa_stats": {
        "mean": 1.0,
        "std": 0.0,
        "ci_low": 1.0,
        "ci_high": 1.0
      },
      "welch_t": {
        "t_stat": -1.1920791213585384,
        "p_value": 0.35549661336451066,
        "cohens_d": -0.9733285267845745,
        "mean_a": 0.9960526315789474,
        "mean_b": 1.0,
        "n_a": 3,
        "n_b": 3
      }
    },
    {
      "n_frames": 50,
      "pt_stats": {
        "mean": 0.9976190476190476,
        "std": 0.0036909072133010745,
        "ci_low": 0.9933673469387756,
        "ci_high": 1.0
      },
      "sa_stats": {
        "mean": 0.9998866213151928,
        "std": 0.00019637764258148636,
        "ci_low": 0.9996598639455782,
        "ci_high": 1.0
      },
      "welch_t": {
        "t_stat": -1.0626128567237476,
        "p_value": 0.39875905031447606,
        "cohens_d": -0.8676197643647835,
        "mean_a": 0.9976190476190476,
        "mean_b": 0.9998866213151928,
        "n_a": 3,
        "n_b": 3
      }
    },
    {
      "n_frames": 100,
      "pt_stats": {
        "mean": 0.9972222222222222,
        "std": 0.0015770196965652044,
        "ci_low": 0.9954545454545455,
        "ci_high": 0.9984848484848484
      },
      "sa_stats": {
        "mean": 0.9999438832772166,
        "std": 9.719701501507847e-05,
        "ci_low": 0.9998316498316498,
        "ci_high": 1.0
      },
      "welch_t": {
        "t_stat": -2.9835563218162817,
        "p_value": 0.09550367203782088,
        "cohens_d": -2.4360635357682963,
        "mean_a": 0.9972222222222222,
        "mean_b": 0.9999438832772166,
        "n_a": 3,
        "n_b": 3
      }
    },
    {
      "n_frames": 200,
      "pt_stats": {
        "mean": 0.9979480737018426,
        "std": 0.0008364733817184151,
        "ci_low": 0.9972361809045228,
        "ci_high": 0.9988693467336681
      },
      "sa_stats": {
        "mean": 0.9998045784477946,
        "std": 9.670858780389587e-05,
        "ci_low": 0.9997487437185931,
        "ci_high": 0.9999162479061976
      },
      "welch_t": {
        "t_stat": -3.8187501138449584,
        "p_value": 0.05969372509762252,
        "cohens_d": -3.1179964113717733,
        "mean_a": 0.9979480737018426,
        "mean_b": 0.9998045784477946,
        "n_a": 3,
        "n_b": 3
      }
    }
  ]
}