{
  "benchmark": "g3_1_object_scaling",
  "object_counts": [
    4,
    8,
    12,
    16
  ],
  "sweep": [
    {
      "n_objects": 4,
      "pt_stats": {
        "mean": 0.9984649122807018,
        "std": 0.00211483569320019,
        "ci_low": 0.9960526315789474,
        "ci_high": 1.0
      },
      "sa_stats": {
        "mean": 1.0,
        "std": 0.0,
        "ci_low": 1.0,
        "ci_high": 1.0
      },
      "welch_t": {
        "t_stat": -1.257237114187417,
        "p_value": 0.33558940297325285,
        "cohens_d": -1.026529805149467,
        "mean_a": 0.9984649122807018,
        "mean_b": 1.0,
        "n_a": 3,
        "n_b": 3
      }
    },
    {
      "n_objects": 8,
      "pt_stats": {
        "mean": 0.9981359649122806,
        "std": 0.000502475405148647,
        "ci_low": 0.9976973684210527,
        "ci_high": 0.9986842105263157
      },
      "sa_stats": {
        "mean": 1.0,
        "std": 0.0,
        "ci_low": 1.0,
        "ci_high": 1.0
      },
      "welch_t": {
        "t_stat": -6.425396041157374,
        "p_value": 0.023375517643572076,
        "cohens_d": -5.246313898711541,
        "mean_a": 0.9981359649122806,
        "mean_b": 1.0,
        "n_a": 3,
        "n_b": 3
      }
    },
    {
      "n_objects": 12,
      "pt_stats": {
        "mean": 0.9972222222222222,
        "std": 0.0021072420037133725,
        "ci_low": 0.9949561403508772,
        "ci_high": 0.9991228070175439
      },
      "sa_stats": {
        "mean": 1.0,
        "std": 0.0,
        "ci_low": 1.0,
        "ci_high": 1.0
      },
      "welch_t": {
        "t_stat": -2.2831987188792255,
        "p_value": 0.14986899672890167,
        "cohens_d": -1.864223947543452,
        "mean_a": 0.9972222222222222,
        "mean_b": 1.0,
        "n_a": 3,
        "n_b": 3
      }
    },
    {
      "n_objects": 16,
      "pt_stats": {
        "mean": 0.9963267543859647,
        "std": 0.0010701327464881,
        "ci_low": 0.9952302631578945,
        "ci_high": 0.9973684210526313
      },
      "sa_stats": {
        "mean": 1.0,
        "std": 0.0,
        "ci_low": 1.0,
        "ci_high": 1.0
      },
      "welch_t": {
        "t_stat": -5.945288613088298,
        "p_value": 0.027144719825825323,
        "cohens_d": -4.854307825215137,
        "mean_a": 0.9963267543859647,
        "mean_b": 1.0,
        "n_a": 3,
        "n_b": 3
      }
    }
  ],
  "sa_breaking_point": null,
  "pt_breaking_point": null,
  "conclusion": "both_robust"
}