{
  "benchmark": "payoff_chimera",
  "N": 256,
  "payoffs": [
    {
      "payoff": "coordination",
      "bc_mean": 0.5556769768397013,
      "bc_ci": {
        "mean": 0.5556769768397013,
        "ci_lower": 0.5470342040061951,
        "ci_upper": 0.5672978162765503,
        "ci_width": 0.020263612270355225,
        "se": 0.0049200658741749585
      }
    },
    {
      "payoff": "prisoners_dilemma",
      "bc_mean": 0.5587318539619446,
      "bc_ci": {
        "mean": 0.5587318539619446,
        "ci_lower": 0.5237898230552673,
        "ci_upper": 0.6238884329795837,
        "ci_width": 0.1000986099243164,
        "se": 0.026710846054948334
      }
    },
    {
      "payoff": "hawk_dove",
      "bc_mean": 0.4335625370343526,
      "bc_ci": {
        "mean": 0.4335625370343526,
        "ci_lower": 0.3918730318546295,
        "ci_upper": 0.4718165695667267,
        "ci_width": 0.07994353771209717,
        "se": 0.019106508297242548
      }
    }
  ]
}