{
  "benchmark": "curriculum_transfer",
  "seeds": [
    42,
    123,
    456
  ],
  "transfer": {
    "PT": {
      "curriculum_ips": [
        0.9994949494949494,
        0.9997474747474747,
        0.9993265993265993
      ],
      "fixed_ips": [
        0.9987373737373737,
        0.9994107744107744,
        0.9986531986531986
      ],
      "curriculum_mean": 0.9995230078563412,
      "fixed_mean": 0.9989337822671155
    },
    "SA": {
      "curriculum_ips": [
        1.0,
        1.0,
        0.9994949494949494
      ],
      "fixed_ips": [
        1.0,
        1.0,
        0.9999158249158249
      ],
      "curriculum_mean": 0.9998316498316498,
      "fixed_mean": 0.9999719416386084
    }
  }
}